round_epochs,loss,val_loss,acc,val_acc,hidden_layers,batch_size,activation,lr,epochs,dropout,optimizer,first_neuron,kernel_initializer,last_activation
44,0.5044211972152793,0.4642810100760392,0.7528021978021978,0.7611294510020594,0,256,<function relu at 0x7f2babd44bf8>,0.01,2000,0.4,<class 'keras.optimizers.Adam'>,2048,random_normal,<function softmax at 0x7f2babd44950>
22,0.6692016398775709,0.5688739218359127,0.7130494505494506,0.758629531047462,1,128,<function tanh at 0x7f2babd44c80>,0.01,2000,0.5,<class 'keras.optimizers.Adam'>,2048,random_normal,<function softmax at 0x7f2babd44950>
53,0.44568238389361037,0.4573236127636501,0.7673214285714286,0.7610012499828613,2,64,<function relu at 0x7f2babd44bf8>,0.01,2000,0.4,<class 'keras.optimizers.Adam'>,512,random_normal,<function softmax at 0x7f2babd44950>
44,0.44535617824439167,0.45607086296574567,0.7702472527472527,0.7629883657097492,0,128,<function relu at 0x7f2babd44bf8>,0.01,2000,0.3,<class 'keras.optimizers.Adam'>,1024,random_normal,<function softmax at 0x7f2babd44950>
6,0.684973569885715,0.6843787247788994,0.5691483516745515,0.5683792185326432,0,128,<function softmax at 0x7f2babd44950>,0.01,2000,0.5,<class 'keras.optimizers.Adam'>,1024,random_normal,<function softmax at 0x7f2babd44950>
6,0.6899927421454545,0.6897600983347687,0.5686813187075185,0.5681869172674735,3,256,<function softmax at 0x7f2babd44950>,0.01,2000,0.4,<class 'keras.optimizers.Adam'>,1024,random_normal,<function softmax at 0x7f2babd44950>
56,0.46054231390848266,0.4687787098434276,0.7596703296965295,0.7595269381990418,2,256,<function relu at 0x7f2babd44bf8>,0.01,2000,0.3,<class 'keras.optimizers.Adam'>,2048,random_normal,<function softmax at 0x7f2babd44950>
58,0.45476731140534954,0.46266515442149875,0.7610851648351649,0.7611615012568589,2,64,<function tanh at 0x7f2babd44c80>,0.01,2000,0.4,<class 'keras.optimizers.Adam'>,512,random_normal,<function softmax at 0x7f2babd44950>
19,0.4880558913356655,0.4671310596728011,0.7432417582155584,0.7545911989465424,2,128,<function relu at 0x7f2babd44bf8>,0.01,2000,0.4,<class 'keras.optimizers.Adam'>,512,random_normal,<function softmax at 0x7f2babd44950>
20,0.47939839259608763,0.45672167944742326,0.7472802197802197,0.7613538027875665,1,64,<function tanh at 0x7f2babd44c80>,0.01,2000,0.4,<class 'keras.optimizers.Adam'>,512,random_normal,<function softmax at 0x7f2babd44950>
6,0.689976308293395,0.6897470724207863,0.5686813187075185,0.5681869172674735,2,256,<function softmax at 0x7f2babd44950>,0.01,2000,0.3,<class 'keras.optimizers.Adam'>,512,random_normal,<function softmax at 0x7f2babd44950>
24,0.5483044379098074,0.46324983303648,0.732445054945055,0.759719239800432,0,256,<function tanh at 0x7f2babd44c80>,0.01,2000,0.4,<class 'keras.optimizers.Adam'>,2048,random_normal,<function softmax at 0x7f2babd44950>
31,0.4736602461207044,0.4575868138454766,0.7512362637100639,0.7593346366511412,0,256,<function tanh at 0x7f2babd44c80>,0.01,2000,0.3,<class 'keras.optimizers.Adam'>,1024,random_normal,<function softmax at 0x7f2babd44950>
24,0.4686929969080202,0.45616762152998375,0.752651098874899,0.7597512899730867,1,128,<function tanh at 0x7f2babd44c80>,0.01,2000,0.3,<class 'keras.optimizers.Adam'>,512,random_normal,<function softmax at 0x7f2babd44950>
31,0.4789692137005565,0.4661651318394058,0.7489010989272987,0.7544309478406551,1,256,<function relu at 0x7f2babd44bf8>,0.01,2000,0.4,<class 'keras.optimizers.Adam'>,512,random_normal,<function softmax at 0x7f2babd44950>
30,0.49297726163497335,0.45649085822065216,0.7457142857142857,0.7606486971093838,0,128,<function tanh at 0x7f2babd44c80>,0.01,2000,0.5,<class 'keras.optimizers.Adam'>,1024,random_normal,<function softmax at 0x7f2babd44950>
6,0.689802426977472,0.6895815121478398,0.5686813187075185,0.5681869172674735,2,256,<function softmax at 0x7f2babd44950>,0.01,2000,0.3,<class 'keras.optimizers.Adam'>,1024,random_normal,<function softmax at 0x7f2babd44950>
39,0.45787519937033183,0.4551943976857495,0.7621153846153846,0.7600717925191717,0,128,<function relu at 0x7f2babd44bf8>,0.01,2000,0.4,<class 'keras.optimizers.Adam'>,512,random_normal,<function softmax at 0x7f2babd44950>
32,0.4885626607019823,0.47322808067056105,0.742458791234991,0.7580846767254218,2,128,<function tanh at 0x7f2babd44c80>,0.01,2000,0.5,<class 'keras.optimizers.Adam'>,512,random_normal,<function softmax at 0x7f2babd44950>
6,0.6880072550721221,0.6877143666884146,0.5686813187075185,0.568186917003846,2,128,<function softmax at 0x7f2babd44950>,0.01,2000,0.3,<class 'keras.optimizers.Adam'>,1024,random_normal,<function softmax at 0x7f2babd44950>
38,0.47218081757262514,0.4601484827974516,0.7542032967032967,0.757700073820655,0,256,<function relu at 0x7f2babd44bf8>,0.01,2000,0.4,<class 'keras.optimizers.Adam'>,512,random_normal,<function softmax at 0x7f2babd44950>
44,0.4531638134180844,0.4601585671932727,0.7643818681318681,0.75936668695752,1,64,<function relu at 0x7f2babd44bf8>,0.01,2000,0.5,<class 'keras.optimizers.Adam'>,512,random_normal,<function softmax at 0x7f2babd44950>
21,0.4848051596211863,0.4621714929167168,0.7428708791470789,0.7578282746755635,2,256,<function tanh at 0x7f2babd44c80>,0.01,2000,0.3,<class 'keras.optimizers.Adam'>,512,random_normal,<function softmax at 0x7f2babd44950>
30,0.4792575944255997,0.4717395219018546,0.7522664835426833,0.7556168071077686,2,128,<function relu at 0x7f2babd44bf8>,0.01,2000,0.3,<class 'keras.optimizers.Adam'>,2048,random_normal,<function softmax at 0x7f2babd44950>
6,0.6861093198860084,0.6858591214803804,0.5686813186813187,0.5681869171003184,1,64,<function softmax at 0x7f2babd44950>,0.01,2000,0.5,<class 'keras.optimizers.Adam'>,1024,random_normal,<function softmax at 0x7f2babd44950>
18,0.4962197901783409,0.4629156915450959,0.7445192307692308,0.7580205762215537,0,128,<function relu at 0x7f2babd44bf8>,0.01,2000,0.5,<class 'keras.optimizers.Adam'>,512,random_normal,<function softmax at 0x7f2babd44950>
31,0.4665862332726573,0.46743772040364495,0.7544917582417583,0.7600717925936751,3,64,<function tanh at 0x7f2babd44c80>,0.01,2000,0.3,<class 'keras.optimizers.Adam'>,512,random_normal,<function softmax at 0x7f2babd44950>
23,0.4808926113359221,0.4671729729212323,0.7497115384877383,0.759462837679891,3,128,<function tanh at 0x7f2babd44c80>,0.01,2000,0.3,<class 'keras.optimizers.Adam'>,512,random_normal,<function softmax at 0x7f2babd44950>
36,0.6374879813194275,0.7088648524426798,0.709120879147079,0.7579885259629335,2,128,<function tanh at 0x7f2babd44c80>,0.01,2000,0.5,<class 'keras.optimizers.Adam'>,2048,random_normal,<function softmax at 0x7f2babd44950>
26,0.5179249450662634,0.5903078068170382,0.7315384615384616,0.7574116214147489,3,64,<function tanh at 0x7f2babd44c80>,0.01,2000,0.5,<class 'keras.optimizers.Adam'>,1024,random_normal,<function softmax at 0x7f2babd44950>
44,0.4647442732931493,0.473096526730103,0.7570741758241758,0.7585333802926151,3,128,<function relu at 0x7f2babd44bf8>,0.01,2000,0.4,<class 'keras.optimizers.Adam'>,1024,random_normal,<function softmax at 0x7f2babd44950>
20,0.4792519276875716,0.4593294207629346,0.7487912087912088,0.7582449281617987,0,256,<function tanh at 0x7f2babd44c80>,0.01,2000,0.4,<class 'keras.optimizers.Adam'>,512,random_normal,<function softmax at 0x7f2babd44950>
25,0.500363594686592,0.45831365157944975,0.7427747252747253,0.7609050992203731,0,64,<function tanh at 0x7f2babd44c80>,0.01,2000,0.4,<class 'keras.optimizers.Adam'>,2048,random_normal,<function softmax at 0x7f2babd44950>
6,0.6879664666312082,0.6876827404230154,0.5686813187075185,0.568186917003846,2,128,<function softmax at 0x7f2babd44950>,0.01,2000,0.4,<class 'keras.optimizers.Adam'>,1024,random_normal,<function softmax at 0x7f2babd44950>
6,0.6880463106815632,0.6876606783677071,0.5746978021978022,0.5729944554874024,0,256,<function softmax at 0x7f2babd44950>,0.01,2000,0.5,<class 'keras.optimizers.Adam'>,512,random_normal,<function softmax at 0x7f2babd44950>
6,0.6879676048310248,0.6876878794032539,0.5686813187075185,0.568186917003846,3,128,<function softmax at 0x7f2babd44950>,0.01,2000,0.4,<class 'keras.optimizers.Adam'>,1024,random_normal,<function softmax at 0x7f2babd44950>
38,0.4479503940487956,0.45512647589392885,0.7680494505494505,0.7621550591250787,0,64,<function relu at 0x7f2babd44bf8>,0.01,2000,0.4,<class 'keras.optimizers.Adam'>,512,random_normal,<function softmax at 0x7f2babd44950>
24,0.5268292387239225,0.4752003912253126,0.7260164835164835,0.7572513703451581,2,256,<function tanh at 0x7f2babd44c80>,0.01,2000,0.5,<class 'keras.optimizers.Adam'>,512,random_normal,<function softmax at 0x7f2babd44950>
31,0.46938001271132584,0.461243795872323,0.7549999999738002,0.7579244256138034,1,256,<function relu at 0x7f2babd44bf8>,0.01,2000,0.3,<class 'keras.optimizers.Adam'>,512,random_normal,<function softmax at 0x7f2babd44950>
39,0.45411355292404093,0.45456708346394054,0.7606181318943317,0.7606807473641833,0,128,<function tanh at 0x7f2babd44c80>,0.01,2000,0.3,<class 'keras.optimizers.Adam'>,512,random_normal,<function softmax at 0x7f2babd44950>
43,0.48103584985156633,0.4589723508360523,0.7449725274725275,0.7589500335114021,1,256,<function tanh at 0x7f2babd44c80>,0.01,2000,0.5,<class 'keras.optimizers.Adam'>,512,random_normal,<function softmax at 0x7f2babd44950>
44,0.44974475158439886,0.47208084697841984,0.7659065934065934,0.7617704560674844,1,64,<function relu at 0x7f2babd44bf8>,0.01,2000,0.5,<class 'keras.optimizers.Adam'>,2048,random_normal,<function softmax at 0x7f2babd44950>
23,0.47357134171894616,0.47024155012869934,0.750576923076923,0.756225762017732,2,64,<function relu at 0x7f2babd44bf8>,0.01,2000,0.4,<class 'keras.optimizers.Adam'>,1024,random_normal,<function softmax at 0x7f2babd44950>
6,0.6879880020906637,0.6877051204054223,0.5686813187075185,0.568186917003846,2,128,<function softmax at 0x7f2babd44950>,0.01,2000,0.5,<class 'keras.optimizers.Adam'>,512,random_normal,<function softmax at 0x7f2babd44950>
33,0.4601196296267457,0.4547316315267633,0.7571703296441298,0.7616422550100794,0,128,<function tanh at 0x7f2babd44c80>,0.01,2000,0.4,<class 'keras.optimizers.Adam'>,512,random_normal,<function softmax at 0x7f2babd44950>
29,0.5499401317323958,0.5135719878070419,0.726195054945055,0.7606166469271773,2,64,<function tanh at 0x7f2babd44c80>,0.01,2000,0.4,<class 'keras.optimizers.Adam'>,2048,random_normal,<function softmax at 0x7f2babd44950>
40,0.44233564245831836,0.45499781577320675,0.7701236263736264,0.7614179032646896,2,64,<function relu at 0x7f2babd44bf8>,0.01,2000,0.3,<class 'keras.optimizers.Adam'>,512,random_normal,<function softmax at 0x7f2babd44950>
38,0.4478441162685772,0.45332966242431505,0.7698351648351648,0.7630845165448304,0,64,<function relu at 0x7f2babd44bf8>,0.01,2000,0.4,<class 'keras.optimizers.Adam'>,1024,random_normal,<function softmax at 0x7f2babd44950>
19,1.9077192355774262,0.5167399801843758,0.652760989010989,0.7478926959436967,3,256,<function relu at 0x7f2babd44bf8>,0.01,2000,0.5,<class 'keras.optimizers.Adam'>,2048,random_normal,<function softmax at 0x7f2babd44950>
6,0.6897709329835661,0.6895595474322023,0.5686813187075185,0.5681869172674735,1,256,<function softmax at 0x7f2babd44950>,0.01,2000,0.5,<class 'keras.optimizers.Adam'>,2048,random_normal,<function softmax at 0x7f2babd44950>
36,0.48155928652365126,0.4832014892484197,0.7472939560177562,0.7588218325858108,3,128,<function tanh at 0x7f2babd44c80>,0.01,2000,0.4,<class 'keras.optimizers.Adam'>,512,random_normal,<function softmax at 0x7f2babd44950>
30,0.45239599233145245,0.4564462329093044,0.7643131868131868,0.75936668695752,3,64,<function relu at 0x7f2babd44bf8>,0.01,2000,0.3,<class 'keras.optimizers.Adam'>,512,random_normal,<function softmax at 0x7f2babd44950>
31,0.5395096553288973,0.47582119687245955,0.7371703296965295,0.7583410788440524,1,256,<function tanh at 0x7f2babd44c80>,0.01,2000,0.3,<class 'keras.optimizers.Adam'>,2048,random_normal,<function softmax at 0x7f2babd44950>
19,0.6250057367440108,0.5225631938577138,0.7040521978021979,0.7560975609259408,2,256,<function tanh at 0x7f2babd44c80>,0.01,2000,0.5,<class 'keras.optimizers.Adam'>,1024,random_normal,<function softmax at 0x7f2babd44950>
17,0.49788884665939837,0.47321930180291005,0.7386675824175825,0.7522194800971086,3,128,<function relu at 0x7f2babd44bf8>,0.01,2000,0.4,<class 'keras.optimizers.Adam'>,512,random_normal,<function softmax at 0x7f2babd44950>
6,0.6880111172435048,0.6877294448219711,0.5686813187075185,0.568186917003846,1,128,<function softmax at 0x7f2babd44950>,0.01,2000,0.5,<class 'keras.optimizers.Adam'>,1024,random_normal,<function softmax at 0x7f2babd44950>
20,0.5121885495395451,0.46992352082482447,0.7359065934065934,0.7586936315647024,2,128,<function tanh at 0x7f2babd44c80>,0.01,2000,0.3,<class 'keras.optimizers.Adam'>,1024,random_normal,<function softmax at 0x7f2babd44950>
6,0.6859179456155379,0.6856770079864347,0.5686813186813187,0.5681869171003184,3,64,<function softmax at 0x7f2babd44950>,0.01,2000,0.4,<class 'keras.optimizers.Adam'>,512,random_normal,<function softmax at 0x7f2babd44950>
6,0.6860785905083457,0.6858373350456912,0.5686813186813187,0.5681869171003184,1,64,<function softmax at 0x7f2babd44950>,0.01,2000,0.5,<class 'keras.optimizers.Adam'>,2048,random_normal,<function softmax at 0x7f2babd44950>
37,0.5887542057299352,0.7402038113902247,0.7182829670591668,0.7576039229015186,3,128,<function tanh at 0x7f2babd44c80>,0.01,2000,0.4,<class 'keras.optimizers.Adam'>,2048,random_normal,<function softmax at 0x7f2babd44950>
32,0.4306559585738968,0.45614269727590945,0.7788186813186814,0.7620909586460451,1,64,<function relu at 0x7f2babd44bf8>,0.01,2000,0.3,<class 'keras.optimizers.Adam'>,2048,random_normal,<function softmax at 0x7f2babd44950>
6,0.6859503956155463,0.6857183791174307,0.5686813186813187,0.5681869171003184,2,64,<function softmax at 0x7f2babd44950>,0.01,2000,0.4,<class 'keras.optimizers.Adam'>,2048,random_normal,<function softmax at 0x7f2babd44950>
19,0.4660593673161098,0.45945990424305805,0.7573489010989011,0.7575077721409407,0,128,<function relu at 0x7f2babd44bf8>,0.01,2000,0.3,<class 'keras.optimizers.Adam'>,512,random_normal,<function softmax at 0x7f2babd44950>
32,0.4678655399070991,0.459658910170155,0.7538324175562178,0.7563860134751227,2,256,<function relu at 0x7f2babd44bf8>,0.01,2000,0.3,<class 'keras.optimizers.Adam'>,512,random_normal,<function softmax at 0x7f2babd44950>
6,0.6858786188377128,0.6856493811504814,0.5686813186813187,0.5681869171003184,1,64,<function softmax at 0x7f2babd44950>,0.01,2000,0.4,<class 'keras.optimizers.Adam'>,2048,random_normal,<function softmax at 0x7f2babd44950>
6,0.6858746857695527,0.6856364172978461,0.5686813186813187,0.5681869171003184,3,64,<function softmax at 0x7f2babd44950>,0.01,2000,0.3,<class 'keras.optimizers.Adam'>,2048,random_normal,<function softmax at 0x7f2babd44950>
38,0.49363781140400814,0.47480493236541715,0.7399862637362637,0.7532130382404179,2,256,<function relu at 0x7f2babd44bf8>,0.01,2000,0.5,<class 'keras.optimizers.Adam'>,512,random_normal,<function softmax at 0x7f2babd44950>
6,0.6789227024277488,0.677753549979087,0.5689148351648352,0.5681869171003184,0,64,<function softmax at 0x7f2babd44950>,0.01,2000,0.3,<class 'keras.optimizers.Adam'>,1024,random_normal,<function softmax at 0x7f2babd44950>
6,0.6858979943034413,0.685664827735916,0.5686813186813187,0.5681869171003184,2,64,<function softmax at 0x7f2babd44950>,0.01,2000,0.3,<class 'keras.optimizers.Adam'>,2048,random_normal,<function softmax at 0x7f2babd44950>
29,0.49030983936655653,0.47058600253112987,0.7536675824175825,0.7601358931032741,1,64,<function tanh at 0x7f2babd44c80>,0.01,2000,0.3,<class 'keras.optimizers.Adam'>,2048,random_normal,<function softmax at 0x7f2babd44950>
7,0.6769535902568272,0.6758751070333985,0.5687912087912088,0.5683151181195165,0,64,<function softmax at 0x7f2babd44950>,0.01,2000,0.4,<class 'keras.optimizers.Adam'>,2048,random_normal,<function softmax at 0x7f2babd44950>
6,0.6860409813136845,0.685801217716163,0.5686813186813187,0.5681869171003184,2,64,<function softmax at 0x7f2babd44950>,0.01,2000,0.5,<class 'keras.optimizers.Adam'>,1024,random_normal,<function softmax at 0x7f2babd44950>
18,0.5409863486918775,0.5337323887482434,0.7241208791208791,0.7564501137707632,3,64,<function tanh at 0x7f2babd44c80>,0.01,2000,0.4,<class 'keras.optimizers.Adam'>,1024,random_normal,<function softmax at 0x7f2babd44950>
49,0.4662953175686218,0.4631364170973746,0.7555082417582417,0.7564821641478247,2,256,<function relu at 0x7f2babd44bf8>,0.01,2000,0.4,<class 'keras.optimizers.Adam'>,512,random_normal,<function softmax at 0x7f2babd44950>
6,0.6878750986319322,0.6876001147798864,0.5686813187075185,0.568186917003846,3,128,<function softmax at 0x7f2babd44950>,0.01,2000,0.4,<class 'keras.optimizers.Adam'>,512,random_normal,<function softmax at 0x7f2babd44950>
33,0.4718555357692006,0.455360310519377,0.7566895604395605,0.7628281144758687,0,64,<function tanh at 0x7f2babd44c80>,0.01,2000,0.3,<class 'keras.optimizers.Adam'>,2048,random_normal,<function softmax at 0x7f2babd44950>
22,0.5268472325146853,0.47111050585768804,0.7427335165097163,0.7551040031818934,1,256,<function relu at 0x7f2babd44bf8>,0.01,2000,0.3,<class 'keras.optimizers.Adam'>,2048,random_normal,<function softmax at 0x7f2babd44950>
6,0.6846259947923513,0.6839870561915656,0.5687362637362637,0.5682189672586455,0,128,<function softmax at 0x7f2babd44950>,0.01,2000,0.3,<class 'keras.optimizers.Adam'>,2048,random_normal,<function softmax at 0x7f2babd44950>
14,0.4850232315587473,0.45952978255767774,0.7467857143119141,0.7589500336050089,0,128,<function tanh at 0x7f2babd44c80>,0.01,2000,0.3,<class 'keras.optimizers.Adam'>,1024,random_normal,<function softmax at 0x7f2babd44950>
27,0.4905936797634586,0.4591246063038881,0.7420879120879121,0.7596551392105985,1,128,<function tanh at 0x7f2babd44c80>,0.01,2000,0.5,<class 'keras.optimizers.Adam'>,512,random_normal,<function softmax at 0x7f2babd44950>
34,0.48090000967403035,0.47521377980092033,0.7457967032967033,0.7555527065943489,3,128,<function relu at 0x7f2babd44bf8>,0.01,2000,0.3,<class 'keras.optimizers.Adam'>,2048,random_normal,<function softmax at 0x7f2babd44950>
33,0.4695126405129066,0.45650418875045584,0.7585302197802197,0.7616743053049961,0,64,<function relu at 0x7f2babd44bf8>,0.01,2000,0.5,<class 'keras.optimizers.Adam'>,1024,random_normal,<function softmax at 0x7f2babd44950>
6,0.6879432030824515,0.6876498356961558,0.5686813187075185,0.568186917003846,2,128,<function softmax at 0x7f2babd44950>,0.01,2000,0.3,<class 'keras.optimizers.Adam'>,2048,random_normal,<function softmax at 0x7f2babd44950>
32,0.5198282412513272,0.5353360522871181,0.7325274725274725,0.7587256818175916,3,128,<function tanh at 0x7f2babd44c80>,0.01,2000,0.4,<class 'keras.optimizers.Adam'>,1024,random_normal,<function softmax at 0x7f2babd44950>
30,0.5187336662051442,0.4953806120930358,0.732074175797976,0.758950033849533,3,256,<function tanh at 0x7f2babd44c80>,0.01,2000,0.3,<class 'keras.optimizers.Adam'>,1024,random_normal,<function softmax at 0x7f2babd44950>
6,0.6898551739703168,0.6896317934463438,0.5686813187075185,0.5681869172674735,3,256,<function softmax at 0x7f2babd44950>,0.01,2000,0.5,<class 'keras.optimizers.Adam'>,1024,random_normal,<function softmax at 0x7f2babd44950>
24,0.45141989683056927,0.4577397806203685,0.7643681318681319,0.7590141341547252,1,64,<function relu at 0x7f2babd44bf8>,0.01,2000,0.3,<class 'keras.optimizers.Adam'>,512,random_normal,<function softmax at 0x7f2babd44950>
6,0.6841955360213479,0.6835437666483061,0.5712912088174086,0.5684433190422422,0,128,<function softmax at 0x7f2babd44950>,0.01,2000,0.3,<class 'keras.optimizers.Adam'>,1024,random_normal,<function softmax at 0x7f2babd44950>
41,0.45110265871980687,0.4561528491431721,0.765206043956044,0.7606486971074734,3,128,<function relu at 0x7f2babd44bf8>,0.01,2000,0.3,<class 'keras.optimizers.Adam'>,512,random_normal,<function softmax at 0x7f2babd44950>
22,0.4763537671277811,0.46363833590480885,0.7508791208529211,0.7567065157633112,2,128,<function relu at 0x7f2babd44bf8>,0.01,2000,0.3,<class 'keras.optimizers.Adam'>,1024,random_normal,<function softmax at 0x7f2babd44950>
13,1.3584349420568445,0.5114485752463727,0.6569093406593407,0.7444312682209411,3,64,<function relu at 0x7f2babd44bf8>,0.01,2000,0.5,<class 'keras.optimizers.Adam'>,2048,random_normal,<function softmax at 0x7f2babd44950>
48,0.5039536433691507,0.4956368637835344,0.7317170329932328,0.7552001537820023,3,256,<function relu at 0x7f2babd44bf8>,0.01,2000,0.5,<class 'keras.optimizers.Adam'>,1024,random_normal,<function softmax at 0x7f2babd44950>
6,0.6859414155404646,0.6857040353086659,0.5686813186813187,0.5681869171003184,2,64,<function softmax at 0x7f2babd44950>,0.01,2000,0.4,<class 'keras.optimizers.Adam'>,512,random_normal,<function softmax at 0x7f2babd44950>
6,0.688422684433696,0.6880464090650988,0.5720604395342397,0.5721931989435729,0,256,<function softmax at 0x7f2babd44950>,0.01,2000,0.5,<class 'keras.optimizers.Adam'>,2048,random_normal,<function softmax at 0x7f2babd44950>
24,0.5205991948174906,0.46000101414270417,0.7377197802459801,0.7601999935441008,0,128,<function tanh at 0x7f2babd44c80>,0.01,2000,0.4,<class 'keras.optimizers.Adam'>,2048,random_normal,<function softmax at 0x7f2babd44950>
6,0.6897931031866388,0.6895688860975226,0.5686813187075185,0.5681869172674735,2,256,<function softmax at 0x7f2babd44950>,0.01,2000,0.5,<class 'keras.optimizers.Adam'>,512,random_normal,<function softmax at 0x7f2babd44950>
21,0.4947498422402602,0.46018204708205734,0.7395741758503757,0.759014134359132,1,256,<function tanh at 0x7f2babd44c80>,0.01,2000,0.4,<class 'keras.optimizers.Adam'>,512,random_normal,<function softmax at 0x7f2babd44950>
26,0.6233543132687663,0.7891395208579692,0.7085027472527472,0.756289862527331,3,64,<function tanh at 0x7f2babd44c80>,0.01,2000,0.5,<class 'keras.optimizers.Adam'>,2048,random_normal,<function softmax at 0x7f2babd44950>
40,0.4806409811449575,0.4553848213979225,0.7492994505232508,0.761898657117248,1,256,<function tanh at 0x7f2babd44c80>,0.01,2000,0.3,<class 'keras.optimizers.Adam'>,1024,random_normal,<function softmax at 0x7f2babd44950>
6,0.6844598771451593,0.6838641749552086,0.5714835164573167,0.5690202236286337,0,128,<function softmax at 0x7f2babd44950>,0.01,2000,0.5,<class 'keras.optimizers.Adam'>,512,random_normal,<function softmax at 0x7f2babd44950>
22,0.501059738279699,0.4608836095801745,0.7392857142857143,0.7601038428159987,1,64,<function tanh at 0x7f2babd44c80>,0.01,2000,0.4,<class 'keras.optimizers.Adam'>,1024,random_normal,<function softmax at 0x7f2babd44950>
14,1.2039992434637887,0.5062318358611291,0.6663598900836902,0.7415467452469562,2,256,<function relu at 0x7f2babd44bf8>,0.01,2000,0.5,<class 'keras.optimizers.Adam'>,2048,random_normal,<function softmax at 0x7f2babd44950>
6,0.6883077722329359,0.6879206668057926,0.5793818681318681,0.5807826673119906,0,256,<function softmax at 0x7f2babd44950>,0.01,2000,0.4,<class 'keras.optimizers.Adam'>,512,random_normal,<function softmax at 0x7f2babd44950>
30,0.48883479297816096,0.4711370843111531,0.7437637362899361,0.7543347970667048,3,256,<function relu at 0x7f2babd44bf8>,0.01,2000,0.4,<class 'keras.optimizers.Adam'>,512,random_normal,<function softmax at 0x7f2babd44950>
6,0.685853732916025,0.6856163852314381,0.5686813186813187,0.5681869171003184,3,64,<function softmax at 0x7f2babd44950>,0.01,2000,0.3,<class 'keras.optimizers.Adam'>,1024,random_normal,<function softmax at 0x7f2babd44950>
48,0.4485953752680139,0.4593865521569034,0.7742445054945055,0.7649754815015888,0,128,<function relu at 0x7f2babd44bf8>,0.01,2000,0.3,<class 'keras.optimizers.Adam'>,2048,random_normal,<function softmax at 0x7f2babd44950>
34,0.5570990068833906,0.476203052557293,0.7392032967294966,0.7601038426746333,0,256,<function relu at 0x7f2babd44bf8>,0.01,2000,0.5,<class 'keras.optimizers.Adam'>,2048,random_normal,<function softmax at 0x7f2babd44950>
6,0.6858875514910772,0.6856573252837469,0.5686950549450549,0.5681869171003184,1,64,<function softmax at 0x7f2babd44950>,0.01,2000,0.4,<class 'keras.optimizers.Adam'>,1024,random_normal,<function softmax at 0x7f2babd44950>
6,0.6895146640578469,0.6892962497509633,0.5686813187075185,0.5681869172674735,3,256,<function softmax at 0x7f2babd44950>,0.01,2000,0.5,<class 'keras.optimizers.Adam'>,512,random_normal,<function softmax at 0x7f2babd44950>
6,0.6843349003267812,0.6837267221149308,0.5721840659471659,0.5686676708258389,0,128,<function softmax at 0x7f2babd44950>,0.01,2000,0.4,<class 'keras.optimizers.Adam'>,512,random_normal,<function softmax at 0x7f2babd44950>
25,0.5052503640835102,0.4628943431054945,0.7358928571428571,0.7598474407776026,1,64,<function tanh at 0x7f2babd44c80>,0.01,2000,0.5,<class 'keras.optimizers.Adam'>,1024,random_normal,<function softmax at 0x7f2babd44950>
6,0.6878610935053983,0.6875796532012733,0.5686813187075185,0.568186917003846,3,128,<function softmax at 0x7f2babd44950>,0.01,2000,0.3,<class 'keras.optimizers.Adam'>,2048,random_normal,<function softmax at 0x7f2babd44950>
42,0.4848398767067836,0.4880350961130722,0.7442719780481779,0.7553604050693724,3,128,<function relu at 0x7f2babd44bf8>,0.01,2000,0.5,<class 'keras.optimizers.Adam'>,1024,random_normal,<function softmax at 0x7f2babd44950>
47,0.4410253429412842,0.4639135342309698,0.7699313186813187,0.7612897022779674,3,64,<function relu at 0x7f2babd44bf8>,0.01,2000,0.3,<class 'keras.optimizers.Adam'>,2048,random_normal,<function softmax at 0x7f2babd44950>
37,0.4701960347379957,0.455916752297849,0.7519093406855405,0.760071792526813,1,128,<function tanh at 0x7f2babd44c80>,0.01,2000,0.4,<class 'keras.optimizers.Adam'>,512,random_normal,<function softmax at 0x7f2babd44950>
47,0.4717723915341136,0.4691401398230438,0.7582692307954306,0.7585013302918914,1,256,<function relu at 0x7f2babd44bf8>,0.01,2000,0.4,<class 'keras.optimizers.Adam'>,2048,random_normal,<function softmax at 0x7f2babd44950>
33,0.4978913285182073,0.4917772562262118,0.7401236263998262,0.7582449279994193,3,128,<function tanh at 0x7f2babd44c80>,0.01,2000,0.3,<class 'keras.optimizers.Adam'>,1024,random_normal,<function softmax at 0x7f2babd44950>
22,0.5843359886420952,0.5184431622408203,0.7249862637100639,0.757796224426495,2,128,<function tanh at 0x7f2babd44c80>,0.01,2000,0.3,<class 'keras.optimizers.Adam'>,2048,random_normal,<function softmax at 0x7f2babd44950>
29,0.6939612506248138,0.7136092170213783,0.7018406593406593,0.7554565558299503,3,256,<function tanh at 0x7f2babd44c80>,0.01,2000,0.4,<class 'keras.optimizers.Adam'>,2048,random_normal,<function softmax at 0x7f2babd44950>
6,0.6897568713177692,0.6895381493016866,0.5686813187075185,0.5681869172674735,3,256,<function softmax at 0x7f2babd44950>,0.01,2000,0.3,<class 'keras.optimizers.Adam'>,2048,random_normal,<function softmax at 0x7f2babd44950>
58,0.44162888904194253,0.4545613380000895,0.777032967032967,0.7642383256870479,0,64,<function relu at 0x7f2babd44bf8>,0.01,2000,0.5,<class 'keras.optimizers.Adam'>,2048,random_normal,<function softmax at 0x7f2babd44950>
31,0.48767994063241143,0.4600612463803938,0.7514697802197802,0.760360244816188,0,128,<function relu at 0x7f2babd44bf8>,0.01,2000,0.5,<class 'keras.optimizers.Adam'>,1024,random_normal,<function softmax at 0x7f2babd44950>
28,0.5530624437463153,0.4696898273269984,0.7232967032967033,0.7595910388633786,1,256,<function tanh at 0x7f2babd44c80>,0.01,2000,0.5,<class 'keras.optimizers.Adam'>,1024,random_normal,<function softmax at 0x7f2babd44950>
24,0.6011551270642124,0.7070234596284168,0.7156043956043956,0.7580526265413049,3,64,<function tanh at 0x7f2babd44c80>,0.01,2000,0.4,<class 'keras.optimizers.Adam'>,2048,random_normal,<function softmax at 0x7f2babd44950>
32,0.4977984053223998,0.46575594860553543,0.7541208791470789,0.7625717123916244,0,128,<function relu at 0x7f2babd44bf8>,0.01,2000,0.4,<class 'keras.optimizers.Adam'>,2048,random_normal,<function softmax at 0x7f2babd44950>
33,0.46523664074939686,0.4607232345559995,0.7574862637100639,0.7588538828387,1,128,<function relu at 0x7f2babd44bf8>,0.01,2000,0.4,<class 'keras.optimizers.Adam'>,1024,random_normal,<function softmax at 0x7f2babd44950>
33,0.4484360617333716,0.45886941841904055,0.7705906593406593,0.7599115412528153,1,128,<function relu at 0x7f2babd44bf8>,0.01,2000,0.3,<class 'keras.optimizers.Adam'>,2048,random_normal,<function softmax at 0x7f2babd44950>
28,0.52936165196555,0.467533497543909,0.7285027472265474,0.7577962244360467,1,128,<function tanh at 0x7f2babd44c80>,0.01,2000,0.5,<class 'keras.optimizers.Adam'>,1024,random_normal,<function softmax at 0x7f2babd44950>
38,0.4426996813239632,0.4557755119082049,0.7697802197802198,0.7605525464156679,2,64,<function relu at 0x7f2babd44bf8>,0.01,2000,0.3,<class 'keras.optimizers.Adam'>,1024,random_normal,<function softmax at 0x7f2babd44950>
26,0.6385719622884478,0.5803727845569318,0.7124999999738002,0.7520912790760002,3,256,<function tanh at 0x7f2babd44c80>,0.01,2000,0.3,<class 'keras.optimizers.Adam'>,2048,random_normal,<function softmax at 0x7f2babd44950>
6,0.6803084013226268,0.6793323765446416,0.5687225274725275,0.5682189673551179,0,64,<function softmax at 0x7f2babd44950>,0.01,2000,0.5,<class 'keras.optimizers.Adam'>,1024,random_normal,<function softmax at 0x7f2babd44950>
6,0.6879661421985417,0.6876830990882009,0.5686813187075185,0.568186917003846,3,128,<function softmax at 0x7f2babd44950>,0.01,2000,0.4,<class 'keras.optimizers.Adam'>,2048,random_normal,<function softmax at 0x7f2babd44950>
27,0.4963265359008705,0.45794940318137745,0.743269230743031,0.7594628379263254,0,256,<function tanh at 0x7f2babd44c80>,0.01,2000,0.4,<class 'keras.optimizers.Adam'>,1024,random_normal,<function softmax at 0x7f2babd44950>
43,0.47076559146681984,0.4563402893793422,0.7513324176086175,0.7598153904731341,0,256,<function tanh at 0x7f2babd44c80>,0.01,2000,0.5,<class 'keras.optimizers.Adam'>,512,random_normal,<function softmax at 0x7f2babd44950>
53,0.45447647980281286,0.4573446813101478,0.7657280220042219,0.7620268580543014,0,256,<function relu at 0x7f2babd44bf8>,0.01,2000,0.3,<class 'keras.optimizers.Adam'>,1024,random_normal,<function softmax at 0x7f2babd44950>
39,0.46892870096059946,0.46317325816743327,0.7566620879120879,0.7576680236671036,2,256,<function relu at 0x7f2babd44bf8>,0.01,2000,0.3,<class 'keras.optimizers.Adam'>,1024,random_normal,<function softmax at 0x7f2babd44950>
6,0.6899902441999415,0.6897661403976821,0.5686813187075185,0.5681869172674735,1,256,<function softmax at 0x7f2babd44950>,0.01,2000,0.5,<class 'keras.optimizers.Adam'>,1024,random_normal,<function softmax at 0x7f2babd44950>
8,1.1288293911074545,0.5038535274327143,0.664271978021978,0.7420274991415421,3,64,<function relu at 0x7f2babd44bf8>,0.01,2000,0.4,<class 'keras.optimizers.Adam'>,2048,random_normal,<function softmax at 0x7f2babd44950>
54,0.43586061596870423,0.4546947107772094,0.7798626373626374,0.765295984093522,0,64,<function relu at 0x7f2babd44bf8>,0.01,2000,0.4,<class 'keras.optimizers.Adam'>,2048,random_normal,<function softmax at 0x7f2babd44950>
37,0.47032825082213015,0.4716597228716025,0.7529807692307692,0.7601679433580737,2,64,<function tanh at 0x7f2babd44c80>,0.01,2000,0.5,<class 'keras.optimizers.Adam'>,512,random_normal,<function softmax at 0x7f2babd44950>
6,0.6879936064206637,0.687703611772338,0.5686813186813187,0.568186917003846,1,128,<function softmax at 0x7f2babd44950>,0.01,2000,0.4,<class 'keras.optimizers.Adam'>,2048,random_normal,<function softmax at 0x7f2babd44950>
6,0.6896806163578243,0.6894596093801546,0.5686813187075185,0.5681869172674735,1,256,<function softmax at 0x7f2babd44950>,0.01,2000,0.4,<class 'keras.optimizers.Adam'>,1024,random_normal,<function softmax at 0x7f2babd44950>
27,0.5183807694518959,0.47665636530041233,0.7316758241496243,0.7546552995325553,2,256,<function relu at 0x7f2babd44bf8>,0.01,2000,0.4,<class 'keras.optimizers.Adam'>,1024,random_normal,<function softmax at 0x7f2babd44950>
6,0.6861127592181111,0.6858637800339242,0.5686813186813187,0.5681869171003184,3,64,<function softmax at 0x7f2babd44950>,0.01,2000,0.5,<class 'keras.optimizers.Adam'>,1024,random_normal,<function softmax at 0x7f2babd44950>
36,0.46504151121600645,0.4539445035771137,0.7541895604395604,0.7615461043163636,0,64,<function tanh at 0x7f2babd44c80>,0.01,2000,0.5,<class 'keras.optimizers.Adam'>,1024,random_normal,<function softmax at 0x7f2babd44950>
26,0.471131010893937,0.4545913198728492,0.7534752747252748,0.7612897022435812,1,64,<function tanh at 0x7f2babd44c80>,0.01,2000,0.3,<class 'keras.optimizers.Adam'>,1024,random_normal,<function softmax at 0x7f2babd44950>
6,0.6880367339836372,0.687690231046334,0.5701373626373626,0.5688279221896227,0,256,<function softmax at 0x7f2babd44950>,0.01,2000,0.4,<class 'keras.optimizers.Adam'>,2048,random_normal,<function softmax at 0x7f2babd44950>
23,0.468090155517662,0.4558578680237571,0.7527060439560439,0.7601679433580737,0,64,<function tanh at 0x7f2babd44c80>,0.01,2000,0.5,<class 'keras.optimizers.Adam'>,512,random_normal,<function softmax at 0x7f2babd44950>
25,0.7272363018465566,0.7842895267391881,0.6957829670067672,0.7558411588894549,3,128,<function tanh at 0x7f2babd44c80>,0.01,2000,0.5,<class 'keras.optimizers.Adam'>,2048,random_normal,<function softmax at 0x7f2babd44950>
15,0.7658397453695863,0.5061685570115206,0.7065109889847891,0.7495593090385341,1,256,<function relu at 0x7f2babd44bf8>,0.01,2000,0.5,<class 'keras.optimizers.Adam'>,2048,random_normal,<function softmax at 0x7f2babd44950>
22,0.4693204065862593,0.45899734572605316,0.7559890110152109,0.760296144300858,1,128,<function relu at 0x7f2babd44bf8>,0.01,2000,0.3,<class 'keras.optimizers.Adam'>,1024,random_normal,<function softmax at 0x7f2babd44950>
40,0.4446745393040416,0.45942787185284095,0.7677884615384616,0.7623473606538759,3,64,<function relu at 0x7f2babd44bf8>,0.01,2000,0.3,<class 'keras.optimizers.Adam'>,1024,random_normal,<function softmax at 0x7f2babd44950>
22,0.7745417249071729,0.679358431595357,0.6945741758503756,0.7559693597424532,2,256,<function tanh at 0x7f2babd44c80>,0.01,2000,0.5,<class 'keras.optimizers.Adam'>,2048,random_normal,<function softmax at 0x7f2babd44950>
21,0.48337843439081213,0.4752512162659994,0.747706043956044,0.7530207365377795,1,64,<function relu at 0x7f2babd44bf8>,0.01,2000,0.5,<class 'keras.optimizers.Adam'>,1024,random_normal,<function softmax at 0x7f2babd44950>
28,0.5142122349896274,0.45651052765026945,0.7409065934065934,0.7614820038048542,0,64,<function tanh at 0x7f2babd44c80>,0.01,2000,0.5,<class 'keras.optimizers.Adam'>,2048,random_normal,<function softmax at 0x7f2babd44950>
31,0.45807034856670503,0.45404295509684744,0.7587637362637363,0.7610333002395712,0,64,<function tanh at 0x7f2babd44c80>,0.01,2000,0.3,<class 'keras.optimizers.Adam'>,1024,random_normal,<function softmax at 0x7f2babd44950>
31,0.49945771848762427,0.5160672063074991,0.739629120852921,0.7572513700987238,3,128,<function tanh at 0x7f2babd44c80>,0.01,2000,0.5,<class 'keras.optimizers.Adam'>,512,random_normal,<function softmax at 0x7f2babd44950>
19,0.6297612140728878,0.5242812075751251,0.7156181318681318,0.7565142141466381,2,256,<function tanh at 0x7f2babd44c80>,0.01,2000,0.3,<class 'keras.optimizers.Adam'>,2048,random_normal,<function softmax at 0x7f2babd44950>
12,0.9471165840442364,0.5082081010553998,0.6782280220042218,0.7408095892948705,3,256,<function relu at 0x7f2babd44bf8>,0.01,2000,0.3,<class 'keras.optimizers.Adam'>,2048,random_normal,<function softmax at 0x7f2babd44950>
26,0.49362608842797334,0.45931264178989245,0.7456593406593407,0.7598794909884642,0,128,<function tanh at 0x7f2babd44c80>,0.01,2000,0.3,<class 'keras.optimizers.Adam'>,2048,random_normal,<function softmax at 0x7f2babd44950>
52,0.4531019496917725,0.4544869256147203,0.7676236263998262,0.7627319636675323,0,128,<function relu at 0x7f2babd44bf8>,0.01,2000,0.4,<class 'keras.optimizers.Adam'>,1024,random_normal,<function softmax at 0x7f2babd44950>
19,0.5053220625500102,0.5152710940680372,0.736195054945055,0.756225762017732,3,64,<function tanh at 0x7f2babd44c80>,0.01,2000,0.5,<class 'keras.optimizers.Adam'>,512,random_normal,<function softmax at 0x7f2babd44950>
25,0.46967579402766385,0.45926976453218354,0.7571703296703297,0.7587256818615294,0,64,<function relu at 0x7f2babd44bf8>,0.01,2000,0.5,<class 'keras.optimizers.Adam'>,512,random_normal,<function softmax at 0x7f2babd44950>
26,0.4785303640103602,0.4579774262608941,0.7483379120879121,0.7593987372123195,1,64,<function tanh at 0x7f2babd44c80>,0.01,2000,0.5,<class 'keras.optimizers.Adam'>,512,random_normal,<function softmax at 0x7f2babd44950>
48,0.4525017631970919,0.45776629269606395,0.7639010989010989,0.7580526264725326,1,128,<function relu at 0x7f2babd44bf8>,0.01,2000,0.4,<class 'keras.optimizers.Adam'>,512,random_normal,<function softmax at 0x7f2babd44950>
39,0.46789823144346804,0.4626088390338574,0.7554120878858881,0.7585333802945254,1,128,<function relu at 0x7f2babd44bf8>,0.01,2000,0.5,<class 'keras.optimizers.Adam'>,512,random_normal,<function softmax at 0x7f2babd44950>
25,0.4716389242764358,0.45419957069192063,0.7520604395604396,0.7612256017683683,0,64,<function tanh at 0x7f2babd44c80>,0.01,2000,0.4,<class 'keras.optimizers.Adam'>,1024,random_normal,<function softmax at 0x7f2babd44950>
42,0.4533282473454109,0.45983868090985147,0.7649450549450549,0.7607768981686991,3,64,<function relu at 0x7f2babd44bf8>,0.01,2000,0.4,<class 'keras.optimizers.Adam'>,512,random_normal,<function softmax at 0x7f2babd44950>
36,0.4607878810756809,0.4664396634449856,0.7602472527734526,0.7585974808022141,1,128,<function relu at 0x7f2babd44bf8>,0.01,2000,0.4,<class 'keras.optimizers.Adam'>,2048,random_normal,<function softmax at 0x7f2babd44950>
6,0.6847849687639174,0.6841502085446066,0.5714423076792078,0.5683471682778437,0,128,<function softmax at 0x7f2babd44950>,0.01,2000,0.4,<class 'keras.optimizers.Adam'>,2048,random_normal,<function softmax at 0x7f2babd44950>
47,0.4648584193973751,0.648293199577315,0.7573901099163097,0.7584051792753274,1,128,<function relu at 0x7f2babd44bf8>,0.01,2000,0.5,<class 'keras.optimizers.Adam'>,2048,random_normal,<function softmax at 0x7f2babd44950>
71,0.44886517201151166,0.46466847237423176,0.7662912087912088,0.7612897022760571,3,64,<function relu at 0x7f2babd44bf8>,0.01,2000,0.5,<class 'keras.optimizers.Adam'>,512,random_normal,<function softmax at 0x7f2babd44950>
34,0.4862943276599213,0.4663651299141931,0.7492719780481779,0.7578282749411013,1,256,<function relu at 0x7f2babd44bf8>,0.01,2000,0.4,<class 'keras.optimizers.Adam'>,1024,random_normal,<function softmax at 0x7f2babd44950>
6,0.6896907242575845,0.6894877560111728,0.5686813187075185,0.5681869172674735,1,256,<function softmax at 0x7f2babd44950>,0.01,2000,0.5,<class 'keras.optimizers.Adam'>,512,random_normal,<function softmax at 0x7f2babd44950>
7,0.6758834285788484,0.6747182385305812,0.5689148351648352,0.5682189673551179,0,64,<function softmax at 0x7f2babd44950>,0.01,2000,0.3,<class 'keras.optimizers.Adam'>,2048,random_normal,<function softmax at 0x7f2babd44950>
6,0.6859601163078141,0.6857133713415321,0.5686813186813187,0.5681869171003184,2,64,<function softmax at 0x7f2babd44950>,0.01,2000,0.3,<class 'keras.optimizers.Adam'>,1024,random_normal,<function softmax at 0x7f2babd44950>
43,0.5220557605958247,0.46958766144890995,0.7403571428571428,0.7607768981266716,1,128,<function tanh at 0x7f2babd44c80>,0.01,2000,0.4,<class 'keras.optimizers.Adam'>,2048,random_normal,<function softmax at 0x7f2babd44950>
13,0.9254002286575653,0.5082777214582896,0.6844093406331409,0.7452645747215564,2,256,<function relu at 0x7f2babd44bf8>,0.01,2000,0.4,<class 'keras.optimizers.Adam'>,2048,random_normal,<function softmax at 0x7f2babd44950>
6,0.6878151888113756,0.6874860564656244,0.5800824175824176,0.5711355403613473,0,256,<function softmax at 0x7f2babd44950>,0.01,2000,0.4,<class 'keras.optimizers.Adam'>,1024,random_normal,<function softmax at 0x7f2babd44950>
6,0.6879986356378912,0.6877007297508869,0.5686813187075185,0.568186917003846,3,128,<function softmax at 0x7f2babd44950>,0.01,2000,0.3,<class 'keras.optimizers.Adam'>,1024,random_normal,<function softmax at 0x7f2babd44950>
38,0.5154970968424619,0.488325636211731,0.7321016483778482,0.755136053281955,2,256,<function relu at 0x7f2babd44bf8>,0.01,2000,0.5,<class 'keras.optimizers.Adam'>,1024,random_normal,<function softmax at 0x7f2babd44950>
20,0.565367664216639,0.5109653755163276,0.7291758241758242,0.7576680234531451,2,64,<function tanh at 0x7f2babd44c80>,0.01,2000,0.3,<class 'keras.optimizers.Adam'>,2048,random_normal,<function softmax at 0x7f2babd44950>
21,0.45867470581452924,0.4556982822085584,0.7572527472527473,0.7591102849496894,0,64,<function tanh at 0x7f2babd44c80>,0.01,2000,0.3,<class 'keras.optimizers.Adam'>,512,random_normal,<function softmax at 0x7f2babd44950>
27,0.5385443546221806,0.4735467990813838,0.7359065934065934,0.7591423351739233,1,64,<function tanh at 0x7f2babd44c80>,0.01,2000,0.4,<class 'keras.optimizers.Adam'>,2048,random_normal,<function softmax at 0x7f2babd44950>
6,0.6899271273612976,0.6897062455143349,0.5686813186813187,0.5681869172674735,3,256,<function softmax at 0x7f2babd44950>,0.01,2000,0.4,<class 'keras.optimizers.Adam'>,2048,random_normal,<function softmax at 0x7f2babd44950>
6,0.6801353018100446,0.6790548496810118,0.5688461538461539,0.5694368770374999,0,64,<function softmax at 0x7f2babd44950>,0.01,2000,0.5,<class 'keras.optimizers.Adam'>,512,random_normal,<function softmax at 0x7f2babd44950>
29,0.48519029064492863,0.486779378958648,0.7433791208791208,0.7559693599793358,3,64,<function relu at 0x7f2babd44bf8>,0.01,2000,0.5,<class 'keras.optimizers.Adam'>,1024,random_normal,<function softmax at 0x7f2babd44950>
24,0.5074475333716844,0.4790950277748293,0.7355357142857143,0.759142335172013,2,64,<function tanh at 0x7f2babd44c80>,0.01,2000,0.4,<class 'keras.optimizers.Adam'>,1024,random_normal,<function softmax at 0x7f2babd44950>
16,0.4720146814283434,0.4558517664431196,0.750260989010989,0.7582769783249016,1,64,<function tanh at 0x7f2babd44c80>,0.01,2000,0.3,<class 'keras.optimizers.Adam'>,512,random_normal,<function softmax at 0x7f2babd44950>
27,0.48429957070193447,0.46622422569352295,0.7450549450549451,0.7591423352140405,3,256,<function tanh at 0x7f2babd44c80>,0.01,2000,0.3,<class 'keras.optimizers.Adam'>,512,random_normal,<function softmax at 0x7f2babd44950>
6,0.6878713436703106,0.6875925424798078,0.5686813186813187,0.568186917003846,1,128,<function softmax at 0x7f2babd44950>,0.01,2000,0.4,<class 'keras.optimizers.Adam'>,1024,random_normal,<function softmax at 0x7f2babd44950>
37,0.4982342747410575,0.4736616821742731,0.7420329670067672,0.7570270183877201,1,256,<function relu at 0x7f2babd44bf8>,0.01,2000,0.5,<class 'keras.optimizers.Adam'>,1024,random_normal,<function softmax at 0x7f2babd44950>
19,0.47485297533181997,0.4591992595779113,0.7486401098901099,0.7602320438371072,2,64,<function tanh at 0x7f2babd44c80>,0.01,2000,0.3,<class 'keras.optimizers.Adam'>,512,random_normal,<function softmax at 0x7f2babd44950>
34,0.5073388267087412,0.4857323364467828,0.7336263736263736,0.7511297715046074,3,256,<function relu at 0x7f2babd44bf8>,0.01,2000,0.5,<class 'keras.optimizers.Adam'>,512,random_normal,<function softmax at 0x7f2babd44950>
6,0.6860301864016187,0.6857862301978662,0.5686813186813187,0.5681869171003184,3,64,<function softmax at 0x7f2babd44950>,0.01,2000,0.4,<class 'keras.optimizers.Adam'>,1024,random_normal,<function softmax at 0x7f2babd44950>
24,0.5796291353938344,0.46644271840224233,0.7274725274987273,0.7570270183972718,0,256,<function tanh at 0x7f2babd44c80>,0.01,2000,0.5,<class 'keras.optimizers.Adam'>,2048,random_normal,<function softmax at 0x7f2babd44950>
6,0.6880998695289696,0.6877492027807525,0.5696291208529211,0.5688599726182636,0,256,<function softmax at 0x7f2babd44950>,0.01,2000,0.5,<class 'keras.optimizers.Adam'>,1024,random_normal,<function softmax at 0x7f2babd44950>
6,0.6859005058728732,0.6856581735987681,0.5686813186813187,0.5681869171003184,3,64,<function softmax at 0x7f2babd44950>,0.01,2000,0.3,<class 'keras.optimizers.Adam'>,512,random_normal,<function softmax at 0x7f2babd44950>
6,0.6859645947781238,0.685717298672683,0.5686813186813187,0.5681869171003184,2,64,<function softmax at 0x7f2babd44950>,0.01,2000,0.3,<class 'keras.optimizers.Adam'>,512,random_normal,<function softmax at 0x7f2babd44950>
19,0.4921833249107822,0.4706901309410046,0.7411538461538462,0.7536617415535355,3,128,<function relu at 0x7f2babd44bf8>,0.01,2000,0.3,<class 'keras.optimizers.Adam'>,1024,random_normal,<function softmax at 0x7f2babd44950>
23,0.4748555901155367,0.4592867246774797,0.7487225274987274,0.7598794909941952,2,128,<function tanh at 0x7f2babd44c80>,0.01,2000,0.3,<class 'keras.optimizers.Adam'>,512,random_normal,<function softmax at 0x7f2babd44950>
17,0.7372753019647283,0.5887626749266226,0.7009615384353386,0.7537258419790794,2,256,<function tanh at 0x7f2babd44c80>,0.01,2000,0.4,<class 'keras.optimizers.Adam'>,2048,random_normal,<function softmax at 0x7f2babd44950>
6,0.6881811770502028,0.6877979176143267,0.5849587912087912,0.5941796735526544,0,256,<function softmax at 0x7f2babd44950>,0.01,2000,0.3,<class 'keras.optimizers.Adam'>,512,random_normal,<function softmax at 0x7f2babd44950>
25,0.5248076054552099,0.48957580802135064,0.7282417582417583,0.7543347969119669,2,128,<function relu at 0x7f2babd44bf8>,0.01,2000,0.5,<class 'keras.optimizers.Adam'>,1024,random_normal,<function softmax at 0x7f2babd44950>
6,0.6860595314319318,0.6858177147940608,0.5686813186813187,0.5681869171003184,1,64,<function softmax at 0x7f2babd44950>,0.01,2000,0.5,<class 'keras.optimizers.Adam'>,512,random_normal,<function softmax at 0x7f2babd44950>
28,0.5260045266282427,0.4835099186378734,0.7263186813448812,0.7518348769554591,3,256,<function relu at 0x7f2babd44bf8>,0.01,2000,0.4,<class 'keras.optimizers.Adam'>,1024,random_normal,<function softmax at 0x7f2babd44950>
6,0.6898140730176653,0.6895813473386377,0.5686813187075185,0.5681869172674735,1,256,<function softmax at 0x7f2babd44950>,0.01,2000,0.3,<class 'keras.optimizers.Adam'>,512,random_normal,<function softmax at 0x7f2babd44950>
6,0.6896980666066264,0.689489869264329,0.5686813187075185,0.5681869172674735,3,256,<function softmax at 0x7f2babd44950>,0.01,2000,0.3,<class 'keras.optimizers.Adam'>,512,random_normal,<function softmax at 0x7f2babd44950>
6,0.6880141351249192,0.687658186935201,0.5699862637100639,0.5704304350117438,0,256,<function softmax at 0x7f2babd44950>,0.01,2000,0.3,<class 'keras.optimizers.Adam'>,1024,random_normal,<function softmax at 0x7f2babd44950>
6,0.6880611163181263,0.6877723753095066,0.5686813187075185,0.568186917003846,1,128,<function softmax at 0x7f2babd44950>,0.01,2000,0.5,<class 'keras.optimizers.Adam'>,512,random_normal,<function softmax at 0x7f2babd44950>
35,0.5029687776015355,0.4625609629301531,0.7465247252747252,0.7590141343686837,0,256,<function relu at 0x7f2babd44bf8>,0.01,2000,0.5,<class 'keras.optimizers.Adam'>,1024,random_normal,<function softmax at 0x7f2babd44950>
35,0.4728344276056185,0.4545697837648688,0.7513598901098901,0.7597833402317069,0,128,<function tanh at 0x7f2babd44c80>,0.01,2000,0.4,<class 'keras.optimizers.Adam'>,1024,random_normal,<function softmax at 0x7f2babd44950>
15,0.585307531121013,0.4687317496102413,0.7265796703296703,0.7578923751966246,0,128,<function tanh at 0x7f2babd44c80>,0.01,2000,0.5,<class 'keras.optimizers.Adam'>,2048,random_normal,<function softmax at 0x7f2babd44950>
25,0.5661161574950585,0.5455285148652547,0.7188736263998262,0.7560334605806314,3,256,<function tanh at 0x7f2babd44c80>,0.01,2000,0.4,<class 'keras.optimizers.Adam'>,1024,random_normal,<function softmax at 0x7f2babd44950>
27,0.4750829221914103,0.45673902651666926,0.7491758241758242,0.7610974005734186,1,256,<function tanh at 0x7f2babd44c80>,0.01,2000,0.3,<class 'keras.optimizers.Adam'>,512,random_normal,<function softmax at 0x7f2babd44950>
21,0.4784493206621526,0.4624134661570516,0.7600549450549451,0.7618345565751732,0,64,<function relu at 0x7f2babd44bf8>,0.01,2000,0.3,<class 'keras.optimizers.Adam'>,2048,random_normal,<function softmax at 0x7f2babd44950>
32,0.5361179785676055,0.5905930124728757,0.7245329670591669,0.757123169081436,3,128,<function tanh at 0x7f2babd44c80>,0.01,2000,0.5,<class 'keras.optimizers.Adam'>,1024,random_normal,<function softmax at 0x7f2babd44950>
17,0.549441779262417,0.49174065671247236,0.7242857142857143,0.7554565558299503,2,128,<function tanh at 0x7f2babd44c80>,0.01,2000,0.4,<class 'keras.optimizers.Adam'>,1024,random_normal,<function softmax at 0x7f2babd44950>
6,0.6858895261995085,0.6856576709108343,0.5686813186813187,0.5681869171003184,1,64,<function softmax at 0x7f2babd44950>,0.01,2000,0.3,<class 'keras.optimizers.Adam'>,512,random_normal,<function softmax at 0x7f2babd44950>
6,0.6843827099590511,0.6836698815221302,0.5692857142857143,0.5692125251612515,0,128,<function softmax at 0x7f2babd44950>,0.01,2000,0.3,<class 'keras.optimizers.Adam'>,512,random_normal,<function softmax at 0x7f2babd44950>
26,0.5259256455400488,0.4719872770468083,0.7413598901098901,0.7589179833502094,1,128,<function tanh at 0x7f2babd44c80>,0.01,2000,0.3,<class 'keras.optimizers.Adam'>,2048,random_normal,<function softmax at 0x7f2babd44950>
6,0.679496318769979,0.6783943170996982,0.5688461538461539,0.5684753693935142,0,64,<function softmax at 0x7f2babd44950>,0.01,2000,0.4,<class 'keras.optimizers.Adam'>,1024,random_normal,<function softmax at 0x7f2babd44950>
8,0.6728427985998301,0.6716508531199064,0.5689285714285715,0.5682189673551179,0,64,<function softmax at 0x7f2babd44950>,0.01,2000,0.3,<class 'keras.optimizers.Adam'>,512,random_normal,<function softmax at 0x7f2babd44950>
24,0.4632783134167011,0.4597066593974039,0.7574313186551188,0.7593666869193131,1,128,<function relu at 0x7f2babd44bf8>,0.01,2000,0.3,<class 'keras.optimizers.Adam'>,512,random_normal,<function softmax at 0x7f2babd44950>
35,0.460750781756181,0.4707501974725856,0.7588324175824176,0.7591423351739233,3,64,<function relu at 0x7f2babd44bf8>,0.01,2000,0.4,<class 'keras.optimizers.Adam'>,1024,random_normal,<function softmax at 0x7f2babd44950>
27,0.6944945822967278,0.5186907184826618,0.709381868158068,0.7570270183877201,1,256,<function tanh at 0x7f2babd44c80>,0.01,2000,0.5,<class 'keras.optimizers.Adam'>,2048,random_normal,<function softmax at 0x7f2babd44950>
36,0.4923114749756488,0.4686379594236019,0.7542445054683057,0.7600717926032268,0,256,<function relu at 0x7f2babd44bf8>,0.01,2000,0.3,<class 'keras.optimizers.Adam'>,2048,random_normal,<function softmax at 0x7f2babd44950>
6,0.6878613261338119,0.6875939894928343,0.5686813187075185,0.568186917003846,3,128,<function softmax at 0x7f2babd44950>,0.01,2000,0.5,<class 'keras.optimizers.Adam'>,1024,random_normal,<function softmax at 0x7f2babd44950>
27,0.49691727959192716,0.4837092890127672,0.738269230743031,0.7521874298461297,3,128,<function relu at 0x7f2babd44bf8>,0.01,2000,0.5,<class 'keras.optimizers.Adam'>,512,random_normal,<function softmax at 0x7f2babd44950>
19,0.4712998469190283,0.4616622431668474,0.752129120852921,0.7563219127171789,2,128,<function relu at 0x7f2babd44bf8>,0.01,2000,0.3,<class 'keras.optimizers.Adam'>,512,random_normal,<function softmax at 0x7f2babd44950>
6,0.686020983523065,0.6857698360149197,0.5686813186813187,0.5681869171003184,2,64,<function softmax at 0x7f2babd44950>,0.01,2000,0.4,<class 'keras.optimizers.Adam'>,1024,random_normal,<function softmax at 0x7f2babd44950>
38,0.44109985204843377,0.45378280548112393,0.770989010989011,0.7627319637420357,0,64,<function relu at 0x7f2babd44bf8>,0.01,2000,0.3,<class 'keras.optimizers.Adam'>,512,random_normal,<function softmax at 0x7f2babd44950>
12,0.5157507859612559,0.4729137271380013,0.7321703296703297,0.7587897823711285,2,64,<function tanh at 0x7f2babd44c80>,0.01,2000,0.3,<class 'keras.optimizers.Adam'>,1024,random_normal,<function softmax at 0x7f2babd44950>
6,0.687936760200249,0.6875795313366055,0.5693406593144595,0.568475369386828,0,256,<function softmax at 0x7f2babd44950>,0.01,2000,0.3,<class 'keras.optimizers.Adam'>,2048,random_normal,<function softmax at 0x7f2babd44950>
9,1.010748827981425,0.4978545911609888,0.6749587912087912,0.7427646549694553,2,64,<function relu at 0x7f2babd44bf8>,0.01,2000,0.5,<class 'keras.optimizers.Adam'>,2048,random_normal,<function softmax at 0x7f2babd44950>
27,0.6129895656449454,0.4893693635813002,0.7237500000261998,0.7569308674590319,1,256,<function tanh at 0x7f2babd44c80>,0.01,2000,0.4,<class 'keras.optimizers.Adam'>,2048,random_normal,<function softmax at 0x7f2babd44950>
64,0.44995155747120197,0.4663860317143999,0.7656043956043956,0.7601999935402801,2,128,<function relu at 0x7f2babd44bf8>,0.01,2000,0.4,<class 'keras.optimizers.Adam'>,1024,random_normal,<function softmax at 0x7f2babd44950>
38,0.4341715933726384,0.45330341954093106,0.7759615384615385,0.763725521640821,1,64,<function relu at 0x7f2babd44bf8>,0.01,2000,0.3,<class 'keras.optimizers.Adam'>,1024,random_normal,<function softmax at 0x7f2babd44950>
6,0.6804102054009071,0.6794344071187919,0.5688736263736264,0.5683471683743161,0,64,<function softmax at 0x7f2babd44950>,0.01,2000,0.5,<class 'keras.optimizers.Adam'>,2048,random_normal,<function softmax at 0x7f2babd44950>
6,0.6894521798930325,0.6892378887172418,0.56875,0.5681869172674735,1,256,<function softmax at 0x7f2babd44950>,0.01,2000,0.4,<class 'keras.optimizers.Adam'>,512,random_normal,<function softmax at 0x7f2babd44950>
22,0.4825067312507839,0.4661671204502539,0.7472527472527473,0.7543347968298221,3,256,<function relu at 0x7f2babd44bf8>,0.01,2000,0.3,<class 'keras.optimizers.Adam'>,512,random_normal,<function softmax at 0x7f2babd44950>
6,0.6860455974117741,0.6857842063220669,0.5686813186813187,0.5681869171003184,1,64,<function softmax at 0x7f2babd44950>,0.01,2000,0.4,<class 'keras.optimizers.Adam'>,512,random_normal,<function softmax at 0x7f2babd44950>
19,0.5679578237219172,0.49113598619606674,0.7178708791470789,0.7584692796894092,2,256,<function tanh at 0x7f2babd44c80>,0.01,2000,0.4,<class 'keras.optimizers.Adam'>,1024,random_normal,<function softmax at 0x7f2babd44950>
6,0.6896773958468175,0.6894559090895735,0.5686813187075185,0.5681869172674735,2,256,<function softmax at 0x7f2babd44950>,0.01,2000,0.4,<class 'keras.optimizers.Adam'>,512,random_normal,<function softmax at 0x7f2babd44950>
23,0.47970300405890076,0.4573218495294622,0.7469093406593407,0.7576680234149382,0,128,<function tanh at 0x7f2babd44c80>,0.01,2000,0.5,<class 'keras.optimizers.Adam'>,512,random_normal,<function softmax at 0x7f2babd44950>
27,0.48561945147566743,0.4645005348997121,0.7457967032967033,0.7592705361530042,2,128,<function tanh at 0x7f2babd44c80>,0.01,2000,0.4,<class 'keras.optimizers.Adam'>,512,random_normal,<function softmax at 0x7f2babd44950>
6,0.6860406384101281,0.6857926244556298,0.5686813186813187,0.5681869171003184,2,64,<function softmax at 0x7f2babd44950>,0.01,2000,0.5,<class 'keras.optimizers.Adam'>,512,random_normal,<function softmax at 0x7f2babd44950>
35,0.44568082483260185,0.4640277116761972,0.769739010989011,0.7614820037742887,1,64,<function relu at 0x7f2babd44bf8>,0.01,2000,0.4,<class 'keras.optimizers.Adam'>,2048,random_normal,<function softmax at 0x7f2babd44950>
6,0.6879243382254799,0.6876462307126395,0.5686813186813187,0.568186917003846,1,128,<function softmax at 0x7f2babd44950>,0.01,2000,0.5,<class 'keras.optimizers.Adam'>,2048,random_normal,<function softmax at 0x7f2babd44950>
23,0.5255962371564173,0.5385598024169336,0.7282554945054945,0.7580526265432153,2,64,<function tanh at 0x7f2babd44c80>,0.01,2000,0.5,<class 'keras.optimizers.Adam'>,1024,random_normal,<function softmax at 0x7f2babd44950>
52,0.4894482527460371,0.5161313367273551,0.7439010988748991,0.7566103649110367,3,256,<function tanh at 0x7f2babd44c80>,0.01,2000,0.5,<class 'keras.optimizers.Adam'>,512,random_normal,<function softmax at 0x7f2babd44950>
6,0.6897404583731851,0.6895179077565015,0.5686813187075185,0.5681869172674735,2,256,<function softmax at 0x7f2babd44950>,0.01,2000,0.4,<class 'keras.optimizers.Adam'>,2048,random_normal,<function softmax at 0x7f2babd44950>
21,0.5846815410420135,0.5502483252645941,0.7194642857142857,0.7553924553604685,3,64,<function tanh at 0x7f2babd44c80>,0.01,2000,0.3,<class 'keras.optimizers.Adam'>,2048,random_normal,<function softmax at 0x7f2babd44950>
37,0.5662307077711755,0.6026471257935708,0.7173489010727012,0.7545591486038671,3,256,<function tanh at 0x7f2babd44c80>,0.01,2000,0.5,<class 'keras.optimizers.Adam'>,1024,random_normal,<function softmax at 0x7f2babd44950>
21,0.5091330779777778,0.47785138227455065,0.7326648351386353,0.7513861734742312,2,128,<function relu at 0x7f2babd44bf8>,0.01,2000,0.5,<class 'keras.optimizers.Adam'>,512,random_normal,<function softmax at 0x7f2babd44950>
6,0.6859386892109127,0.6856988229444709,0.5686813186813187,0.5681869171003184,3,64,<function softmax at 0x7f2babd44950>,0.01,2000,0.4,<class 'keras.optimizers.Adam'>,2048,random_normal,<function softmax at 0x7f2babd44950>
6,0.6880600892318474,0.6877597569330416,0.5686813187075185,0.568186917003846,1,128,<function softmax at 0x7f2babd44950>,0.01,2000,0.3,<class 'keras.optimizers.Adam'>,1024,random_normal,<function softmax at 0x7f2babd44950>
29,0.4733691715146159,0.48631848365976804,0.7510302197802198,0.758725681892095,3,64,<function tanh at 0x7f2babd44c80>,0.01,2000,0.4,<class 'keras.optimizers.Adam'>,512,random_normal,<function softmax at 0x7f2babd44950>
44,0.4351389905384609,0.45670607308367767,0.7777747252747252,0.7620268581364461,0,64,<function relu at 0x7f2babd44bf8>,0.01,2000,0.3,<class 'keras.optimizers.Adam'>,1024,random_normal,<function softmax at 0x7f2babd44950>
47,0.49210743851714084,0.4622788713108725,0.7561263736525735,0.761514053988971,0,128,<function relu at 0x7f2babd44bf8>,0.01,2000,0.5,<class 'keras.optimizers.Adam'>,2048,random_normal,<function softmax at 0x7f2babd44950>
29,0.5591376857967167,0.479766650555749,0.7279807692307693,0.7603281946320712,1,64,<function tanh at 0x7f2babd44c80>,0.01,2000,0.5,<class 'keras.optimizers.Adam'>,2048,random_normal,<function softmax at 0x7f2babd44950>
6,0.6859682998814426,0.6857283964477584,0.5686813186813187,0.5681869171003184,1,64,<function softmax at 0x7f2babd44950>,0.01,2000,0.3,<class 'keras.optimizers.Adam'>,1024,random_normal,<function softmax at 0x7f2babd44950>
30,0.4935294920533568,0.4654131373290561,0.7401648351648351,0.7595269382620832,2,256,<function tanh at 0x7f2babd44c80>,0.01,2000,0.4,<class 'keras.optimizers.Adam'>,512,random_normal,<function softmax at 0x7f2babd44950>
28,0.5116896899715885,0.4592814776405402,0.7374725274463276,0.7600076919102347,0,256,<function tanh at 0x7f2babd44c80>,0.01,2000,0.5,<class 'keras.optimizers.Adam'>,1024,random_normal,<function softmax at 0x7f2babd44950>
28,0.792213257773892,0.79175549936021,0.6866620879382878,0.754879651499545,3,256,<function tanh at 0x7f2babd44c80>,0.01,2000,0.5,<class 'keras.optimizers.Adam'>,2048,random_normal,<function softmax at 0x7f2babd44950>
6,0.6880001922230145,0.6877097903140512,0.5686813187075185,0.568186917003846,2,128,<function softmax at 0x7f2babd44950>,0.01,2000,0.4,<class 'keras.optimizers.Adam'>,512,random_normal,<function softmax at 0x7f2babd44950>
6,0.6898724109523899,0.6896525200240632,0.5686813187075185,0.5681869172674735,3,256,<function softmax at 0x7f2babd44950>,0.01,2000,0.5,<class 'keras.optimizers.Adam'>,2048,random_normal,<function softmax at 0x7f2babd44950>
32,0.4620910049663795,0.4562462893576466,0.7574175824437822,0.7598153907386719,0,256,<function tanh at 0x7f2babd44c80>,0.01,2000,0.3,<class 'keras.optimizers.Adam'>,512,random_normal,<function softmax at 0x7f2babd44950>
19,0.6349771069694351,0.5799569502911779,0.7117445054945055,0.7547514502281815,3,128,<function tanh at 0x7f2babd44c80>,0.01,2000,0.3,<class 'keras.optimizers.Adam'>,2048,random_normal,<function softmax at 0x7f2babd44950>
6,0.6859006471424313,0.6856583218147219,0.5686813186813187,0.5681869171003184,1,64,<function softmax at 0x7f2babd44950>,0.01,2000,0.3,<class 'keras.optimizers.Adam'>,2048,random_normal,<function softmax at 0x7f2babd44950>
6,0.6878638769506098,0.6875822683954188,0.5686813187075185,0.568186917003846,1,128,<function softmax at 0x7f2babd44950>,0.01,2000,0.3,<class 'keras.optimizers.Adam'>,512,random_normal,<function softmax at 0x7f2babd44950>
6,0.688261148405599,0.6879572709158198,0.5686813187075185,0.568186917003846,3,128,<function softmax at 0x7f2babd44950>,0.01,2000,0.5,<class 'keras.optimizers.Adam'>,512,random_normal,<function softmax at 0x7f2babd44950>
6,0.6790944523601742,0.678020556446207,0.5695329670329671,0.5686997211771109,0,64,<function softmax at 0x7f2babd44950>,0.01,2000,0.4,<class 'keras.optimizers.Adam'>,512,random_normal,<function softmax at 0x7f2babd44950>
10,0.8379693251127726,0.49373859487463695,0.687664835191035,0.745905579901602,2,128,<function relu at 0x7f2babd44bf8>,0.01,2000,0.4,<class 'keras.optimizers.Adam'>,2048,random_normal,<function softmax at 0x7f2babd44950>
6,0.6898639531449957,0.6896396559257736,0.5686813187075185,0.5681869172674735,2,256,<function softmax at 0x7f2babd44950>,0.01,2000,0.5,<class 'keras.optimizers.Adam'>,2048,random_normal,<function softmax at 0x7f2babd44950>
6,0.6876826307537791,0.6874075302221558,0.5687087911825913,0.568186917003846,3,128,<function softmax at 0x7f2babd44950>,0.01,2000,0.3,<class 'keras.optimizers.Adam'>,512,random_normal,<function softmax at 0x7f2babd44950>
45,0.43668162951102624,0.4627011837586696,0.775260989010989,0.7618986570866825,2,64,<function relu at 0x7f2babd44bf8>,0.01,2000,0.3,<class 'keras.optimizers.Adam'>,2048,random_normal,<function softmax at 0x7f2babd44950>
8,0.7747661375213455,0.5025334279375433,0.6956868131868131,0.7454568763745258,2,64,<function relu at 0x7f2babd44bf8>,0.01,2000,0.4,<class 'keras.optimizers.Adam'>,2048,random_normal,<function softmax at 0x7f2babd44950>
16,0.47310229385292135,0.4572914288984324,0.7506593406593407,0.758789782401694,0,64,<function tanh at 0x7f2babd44c80>,0.01,2000,0.4,<class 'keras.optimizers.Adam'>,512,random_normal,<function softmax at 0x7f2babd44950>
20,0.4973105132317805,0.45946498419462056,0.7422252746990748,0.7595910387009994,1,128,<function tanh at 0x7f2babd44c80>,0.01,2000,0.3,<class 'keras.optimizers.Adam'>,1024,random_normal,<function softmax at 0x7f2babd44950>
36,0.5084846292485248,0.4614286998325707,0.7356181318681319,0.7594948880072836,1,256,<function tanh at 0x7f2babd44c80>,0.01,2000,0.4,<class 'keras.optimizers.Adam'>,1024,random_normal,<function softmax at 0x7f2babd44950>
6,0.6898294668931227,0.6896103586372223,0.5686813187075185,0.5681869172674735,3,256,<function softmax at 0x7f2babd44950>,0.01,2000,0.3,<class 'keras.optimizers.Adam'>,1024,random_normal,<function softmax at 0x7f2babd44950>
6,0.689918310537443,0.6896909567424225,0.5686813187075185,0.5681869172674735,2,256,<function softmax at 0x7f2babd44950>,0.01,2000,0.3,<class 'keras.optimizers.Adam'>,2048,random_normal,<function softmax at 0x7f2babd44950>
6,0.6898637398520668,0.6896391599565197,0.5686813187075185,0.5681869172674735,1,256,<function softmax at 0x7f2babd44950>,0.01,2000,0.3,<class 'keras.optimizers.Adam'>,2048,random_normal,<function softmax at 0x7f2babd44950>
51,0.45843765664886643,0.47568923466091206,0.7598214285714285,0.761033300205185,3,64,<function tanh at 0x7f2babd44c80>,0.01,2000,0.3,<class 'keras.optimizers.Adam'>,1024,random_normal,<function softmax at 0x7f2babd44950>
6,0.6879929069110325,0.6877221444479064,0.5686813187075185,0.568186917003846,2,128,<function softmax at 0x7f2babd44950>,0.01,2000,0.5,<class 'keras.optimizers.Adam'>,2048,random_normal,<function softmax at 0x7f2babd44950>
6,0.6877935035412128,0.6875094478987932,0.5686813187075185,0.568186917003846,1,128,<function softmax at 0x7f2babd44950>,0.01,2000,0.4,<class 'keras.optimizers.Adam'>,512,random_normal,<function softmax at 0x7f2babd44950>
25,0.5045248125149654,0.4593789993117686,0.7426236263474265,0.7597833403004793,0,256,<function tanh at 0x7f2babd44c80>,0.01,2000,0.3,<class 'keras.optimizers.Adam'>,2048,random_normal,<function softmax at 0x7f2babd44950>
17,0.4980564687016246,0.4771281893184707,0.7393131868131868,0.7501362136096428,2,64,<function relu at 0x7f2babd44bf8>,0.01,2000,0.5,<class 'keras.optimizers.Adam'>,512,random_normal,<function softmax at 0x7f2babd44950>
6,0.6861110679919903,0.6858590450857217,0.5686813186813187,0.5681869171003184,3,64,<function softmax at 0x7f2babd44950>,0.01,2000,0.5,<class 'keras.optimizers.Adam'>,2048,random_normal,<function softmax at 0x7f2babd44950>
11,1.0882256214435284,0.5045900759527017,0.6701098901098901,0.7458414793862719,2,128,<function relu at 0x7f2babd44bf8>,0.01,2000,0.5,<class 'keras.optimizers.Adam'>,2048,random_normal,<function softmax at 0x7f2babd44950>
6,0.6899839547702245,0.6897553917456237,0.5686813187075185,0.5681869172674735,2,256,<function softmax at 0x7f2babd44950>,0.01,2000,0.5,<class 'keras.optimizers.Adam'>,1024,random_normal,<function softmax at 0x7f2babd44950>
18,0.5194461319734762,0.48999425693680193,0.7287087912087912,0.7534053395648083,2,64,<function relu at 0x7f2babd44bf8>,0.01,2000,0.5,<class 'keras.optimizers.Adam'>,1024,random_normal,<function softmax at 0x7f2babd44950>
6,0.6860886155641996,0.6858364188370424,0.5686813186813187,0.5681869171003184,2,64,<function softmax at 0x7f2babd44950>,0.01,2000,0.5,<class 'keras.optimizers.Adam'>,2048,random_normal,<function softmax at 0x7f2babd44950>
6,0.6848707099275274,0.6842911850412337,0.5690796703558701,0.5681548667490465,0,128,<function softmax at 0x7f2babd44950>,0.01,2000,0.4,<class 'keras.optimizers.Adam'>,1024,random_normal,<function softmax at 0x7f2babd44950>
44,0.4778291934925121,0.46060325950885606,0.7551098901098902,0.7593987374167264,0,256,<function relu at 0x7f2babd44bf8>,0.01,2000,0.4,<class 'keras.optimizers.Adam'>,1024,random_normal,<function softmax at 0x7f2babd44950>
6,0.6852051229005331,0.6846131570717222,0.5687637362375364,0.5684433190422422,0,128,<function softmax at 0x7f2babd44950>,0.01,2000,0.5,<class 'keras.optimizers.Adam'>,2048,random_normal,<function softmax at 0x7f2babd44950>
12,2.0937224468818076,0.5482503599392474,0.6508791208791209,0.7461619819438189,3,128,<function relu at 0x7f2babd44bf8>,0.01,2000,0.5,<class 'keras.optimizers.Adam'>,2048,random_normal,<function softmax at 0x7f2babd44950>
37,0.4784629308784401,0.4600434186857773,0.7506456043956043,0.7600397421745859,0,256,<function relu at 0x7f2babd44bf8>,0.01,2000,0.5,<class 'keras.optimizers.Adam'>,512,random_normal,<function softmax at 0x7f2babd44950>
6,0.6880924602917262,0.687800588831222,0.5686813187075185,0.568186917003846,3,128,<function softmax at 0x7f2babd44950>,0.01,2000,0.5,<class 'keras.optimizers.Adam'>,2048,random_normal,<function softmax at 0x7f2babd44950>
